Query,Domain,rank,Title,Title Word Count,Image Count,h1 Word Count,h2 Word Count,h3 Word Count,h4 Word Count,h5 Word Count,h6 Word Count,Total h Word Count,FUNC Word Count,FWR,TTR,Paragraph FUNC Word Count,Paragraph FWR,Paragraph TTR,List Item FUNC Word Count,List Item FWR,List Item TTR
best 3d glasses,https://www.youtube.com/watch?v=vR4FdWODT8M,1,15,15,0,0,0,0,0,0,0,0,0,0,0,0,0,0,0,0,0
best 3d glasses,https://www.amazon.de/-/en/gp/bestsellers/ce-de/1382695031,2,0,0,0,0,0,0,0,0,0,0,0,0,0,0,0,0,0,0,0
best 3d glasses,https://www.projectorreviews.com/home-theater-and-projectors-the-technical-side/3d-active-shutter-glasses-technical-overview/,3,10,10,0,0,0,0,0,0,0,0,0,0,0,6,0.4,1.0,0,0,0
best 3d glasses,https://wiki.ezvid.com/best-active-3d-glasses,4,8,8,29,6,23,25,5,0,0,59,51,0.13559322033898305,0.7796610169491526,1354,0.38003663003663,0.44963369963369965,173,0.18396226415094338,0.7216981132075472
best 3d glasses,https://videoconverter.wondershare.com/3d/dlp-link-3d-glasses.html,5,10,10,76,11,31,12,15,129,42,240,192,0.2,0.6458333333333334,789,0.4116331096196868,0.42580164056674125,2816,0.2878098128477491,0.19549822964087
best 3d glasses,https://www.reddit.com/r/projectors/comments/f0yaeq/what_are_the_brightest_dlp_3d_glasses/,6,10,10,1,8,7,4,0,0,0,19,11,0.42105263157894735,0.9473684210526315,347,0.4006908462867012,0.5751295336787565,163,0.11891891891891893,0.8324324324324325
best 3d glasses,https://www.lifewire.com/3d-passive-polarized-vs-active-shutter-1847836,7,0,0,0,0,0,0,0,0,0,0,0,0,0,0,0,0,0,0,0
best 3d glasses,https://www.facebook.com/groups/VAVA4K/posts/943449432761263/,8,16,16,7,14,2,0,0,0,0,16,14,0.125,0.9375,0,0,0,4,0.0,0.5
best 3d glasses,https://fixthephoto.com/best-3d-projector-glasses.html,9,7,7,41,7,14,30,0,0,0,51,44,0.13725490196078433,0.7843137254901961,914,0.42515723270440253,0.38616352201257864,337,0.07671232876712329,0.5726027397260274
best 3d glasses,https://www.youtube.com/watch?v=LSpMMRX-cfs,10,11,11,38,18,9,282,0,0,0,309,256,0.1715210355987055,0.5598705501618123,8,0.3333333333333333,0.5,41,0.31666666666666665,0.7
best 3d glasses,https://www.bestbuy.com/site/shop/modern-3d-glasses,11,6,6,14,3,19,158,40,0,0,220,205,0.06818181818181818,0.37727272727272726,402,0.2972027972027972,0.38286713286713286,1566,0.282638570774164,0.22766834631241412
best 3d glasses,https://bestreviews.com/electronics/glasses/best-3d-glasses,12,9,9,34,3,19,3,0,0,0,25,21,0.16,0.76,879,0.3857442348008386,0.45143256464011183,122,0.32222222222222224,0.7111111111111111
best 3d glasses,https://www.hi-shock.de/en/3d-glasses/,13,15,15,22,15,99,62,6,0,0,182,130,0.2857142857142857,0.5604395604395604,1451,0.3380474452554745,0.4302007299270073,78,0.15217391304347827,0.8043478260869565
best 3d glasses,https://www.avforums.com/threads/3d-glasses-review-rf.2347699/,14,6,6,50,4,10,10,22,40,0,86,83,0.03488372093023256,0.3953488372093023,48,0.22580645161290322,0.9354838709677419,319,0.015432098765432098,0.6080246913580247
best 3d glasses,https://videoconverter.wondershare.com/3d/active-shutter-3d-glasses.html,15,10,10,75,12,25,60,15,129,42,283,231,0.18374558303886926,0.6607773851590106,900,0.4170984455958549,0.38147668393782386,2738,0.28380852733455403,0.19121109076641382
best 3d glasses,https://www.quora.com/Which-3D-glass-should-I-buy-to-watch-3D-movies-on-a-smart-TV,16,16,16,42,0,0,0,0,0,0,0,0,0,0,4789,0.42000726656170523,0.2097614145573453,660,0.40054495912806537,0.3760217983651226
best 3d glasses,https://www.youtube.com/watch?v=bBRzSzYH5K4,17,16,16,68,28,13,413,114,0,0,568,497,0.125,0.39436619718309857,8,0.2727272727272727,0.5454545454545454,41,0.31666666666666665,0.7
best 3d glasses,https://www.avsforum.com/threads/comparison-of-3d-glasses.2235322/,18,0,0,0,0,0,0,0,0,0,0,0,0,0,0,0,0,0,0,0
best 3d glasses,https://community.anker.com/t/which-3d-glass-is-best-to-view-3d-video-in-the-nebula-cosmo/90935,19,20,20,20,13,0,23,10,0,32,78,64,0.1794871794871795,0.9102564102564102,194,0.39375,0.590625,33,0.08333333333333333,0.9444444444444444
best 3d glasses,https://www.youtube.com/watch?v=ufqWpsvn4XE,20,9,9,75,18,18,366,74,0,0,476,402,0.15546218487394958,0.5945378151260504,8,0.4666666666666667,0.4,41,0.31666666666666665,0.7
best 3d modeling software,https://www.reddit.com/r/3Dmodeling/comments/ug2gsz/what_software_do_prefer_for_3d_modeling_and_why/,1,5,5,2,9,2,4,0,0,0,15,10,0.3333333333333333,1.0,58,0.3894736842105263,0.7157894736842105,156,0.12849162011173185,0.8379888268156425
best 3d modeling software,https://www.techradar.com/best/best-3d-modelling-software,2,0,0,0,0,0,0,0,0,0,0,0,0,0,0,0,0,0,0,0
best 3d modeling software,https://www.quora.com/What-is-the-best-software-for-3D-modeling-and-rendering,3,12,12,52,0,0,0,0,0,0,0,0,0,0,5673,0.40844629822732015,0.24316996871741398,1015,0.3357329842931937,0.32591623036649214
best 3d modeling software,https://www.sculpteo.com/en/3d-learning-hub/3d-printing-software/linux-cad-software-for-3d-modeling/,4,12,12,16,12,13,70,0,0,0,95,81,0.14736842105263157,0.6842105263157895,991,0.43661171119954517,0.40477544059124504,53,0.24285714285714285,0.7
best 3d modeling software,https://forums.unrealengine.com/t/what-3d-modeling-software-to-use/1255,5,18,18,27,6,0,0,6,0,0,12,10,0.16666666666666666,1.0,885,0.4230769230769231,0.3683181225554107,37,0.13953488372093023,0.6511627906976745
best 3d modeling software,https://www.ankermake.com/eu-en/blogs/guides/best-3d-modeling-software,6,10,10,13,8,28,26,0,0,0,62,51,0.1774193548387097,0.7258064516129032,844,0.34725444702242847,0.46867749419953597,133,0.31088082901554404,0.6373056994818653
best 3d modeling software,https://www.youtube.com/watch?v=fVMsR0sqmxs,7,9,9,51,14,16,251,135,0,0,416,320,0.23076923076923078,0.36538461538461536,8,0.2,0.5,41,0.31666666666666665,0.7
best 3d modeling software,https://www.3dnatives.com/en/3d-software-beginners100420174/,8,10,10,61,5,217,91,122,0,0,435,323,0.2574712643678161,0.4574712643678161,1956,0.39348837209302323,0.40217054263565893,870,0.30120481927710846,0.5614457831325301
best 3d modeling software,https://nexa3d.com/blog/3d-printer-software/,9,11,11,42,9,38,39,2,0,0,88,84,0.045454545454545456,0.6818181818181818,1164,0.3063170441001192,0.43921334922526817,907,0.1475563909774436,0.5460526315789473
best 3d modeling software,https://vagon.io/blog/the-best-3D-modeling-software/,10,7,7,10,5,30,0,0,0,0,35,33,0.05714285714285714,0.9142857142857143,898,0.3258258258258258,0.44069069069069067,71,0.10126582278481013,0.7848101265822784
best 3d modeling software,https://www.linkedin.com/pulse/best-3d-modeling-software-rendering-r1yhf,11,9,9,26,9,14,155,36,0,0,214,165,0.22897196261682243,0.6962616822429907,777,0.34096692111959287,0.448685326547922,316,0.2040302267002519,0.707808564231738
best 3d modeling software,https://formlabs.com/blog/cad-software/,12,11,11,29,9,24,26,35,0,0,94,91,0.031914893617021274,0.7340425531914894,7658,0.025451768897938407,0.3763044031560193,410,0.026128266033254157,0.6603325415676959
best 3d modeling software,https://www.g2.com/categories/3d-modeling,13,4,4,0,5,17,0,0,0,0,22,9,0.5909090909090909,0.8181818181818182,54,0.39325842696629215,0.8089887640449438,0,0,0
best 3d modeling software,https://all3dp.com/1/best-free-3d-modeling-software-3d-cad-3d-design-software/,14,12,12,36,10,2,19,35,0,0,66,59,0.10606060606060606,0.5606060606060606,3338,0.3758414360508601,0.3390052356020942,520,0.047619047619047616,0.5476190476190477
best 3d modeling software,https://www.creativebloq.com/features/best-3d-modelling-software,15,0,0,0,0,0,0,0,0,0,0,0,0,0,0,0,0,0,0,0
best 3d modeling software,https://www.popsci.com/gear/best-3d-modeling-software/,16,0,0,0,0,0,0,0,0,0,0,0,0,0,0,0,0,0,0,0
best 3d modeling software,https://www.youtube.com/watch?v=J--QVhGheP4,17,15,15,62,26,13,238,225,0,0,502,382,0.23904382470119523,0.47410358565737054,8,0.42857142857142855,0.42857142857142855,41,0.31666666666666665,0.7
best 3d modeling software,https://www.3dnatives.com/en/top10-cad-software-180320194/,18,11,11,83,7,197,21,148,0,0,373,272,0.2707774798927614,0.4906166219839142,2857,0.36959399823477496,0.38945278022947927,1047,0.31968810916179335,0.48927875243664715
best 3d modeling software,https://www.trustradius.com/3d-modeling-software,19,7,7,32,3,48,94,0,0,0,145,121,0.16551724137931034,0.7379310344827587,867,0.29683698296836986,0.49635036496350365,421,0.18725868725868725,0.611969111969112
best 3d modeling software,https://3dprinting.com/software/,20,10,10,127,4,17,93,10,23,0,147,137,0.06802721088435375,0.6122448979591837,1861,0.39282218597063623,0.36443719412724307,846,0.17704280155642024,0.3472762645914397
best abrasives replacement parts-accessories,https://www.porterpipe.com/133123/category/tools-supplies/abrasives/abrasive-parts-accessories,1,4,4,22,2,2,31,37,1,15,88,72,0.18181818181818182,0.7613636363636364,64,0.189873417721519,0.7468354430379747,712,0.1295843520782396,0.3924205378973105
best abrasives replacement parts-accessories,https://westernequipmentltd.com/abrasives/abrasive-parts-accessories/,2,4,4,16,4,3,0,51,18,0,76,64,0.15789473684210525,0.618421052631579,76,0.06172839506172839,0.7283950617283951,3130,0.21534219102531962,0.2547004261719729
best abrasives replacement parts-accessories,https://www.amazon.com/Abrasive-Accessories/b?ie=UTF8&node=401506011,3,4,4,59,15,722,0,10,4,0,751,683,0.09054593874833555,0.459387483355526,6,0.4,0.9,149,0.1286549707602339,0.6842105263157895
best abrasives replacement parts-accessories,https://www.carbideanddiamondtooling.com/Abrasive-Accessories-and-Replacement-Parts_c_4919.html,4,5,5,56,6,0,3,2,0,0,11,10,0.09090909090909091,1.0,19,0.2692307692307692,0.9230769230769231,70,0.09090909090909091,0.7272727272727273
best abrasives replacement parts-accessories,https://weldfabulous.com/brands/walter-abrasives/replacement-parts/,5,12,12,25,2,0,26,135,6,0,169,155,0.08284023668639054,0.6804733727810651,376,0.033419023136246784,0.6426735218508998,4052,0.07720337053063084,0.32862673650649055
best abrasives replacement parts-accessories,https://www.beco-technic.com/en/Products/Consumables/Abrasives-for-sandblasting/,6,3,3,17,0,0,0,0,0,0,0,0,0,0,50,0.038461538461538464,0.6153846153846154,250,0.05303030303030303,0.6136363636363636
best abrasives replacement parts-accessories,https://norfield.com/tools-and-supplies/shop-accessories/abrasives.html,7,7,7,43,1,7,0,0,0,0,8,7,0.125,1.0,27,0.41304347826086957,0.8478260869565217,3660,0.0211286440224659,0.16742444503878043
best abrasives replacement parts-accessories,https://www.blastone.co.nz/product-category/blasting/replacement-item/,8,14,14,116,4,14,36,252,72,28,406,366,0.09852216748768473,0.2660098522167488,324,0.19,0.5625,4331,0.19707081942899518,0.29310344827586204
best abrasives replacement parts-accessories,https://www.northerntool.com/categories/abrasive-blasting-parts-accessories,9,3,3,0,1,10,0,0,0,0,11,6,0.45454545454545453,1.0,0,0,0,0,0,0
best abrasives replacement parts-accessories,https://surfaceprep.com/product/parts-accessories/,10,14,14,26,3,8,16,2,0,0,29,24,0.1724137931034483,0.8620689655172413,23,0.425,0.875,3673,0.018701576275714667,0.14774245257814586
best abrasives replacement parts-accessories,https://performance-abrasives.com/product/hiperformance-sander-replacement-parts/,11,8,8,36,5,85,0,4,0,0,94,92,0.02127659574468085,0.8297872340425532,44,0.22807017543859648,0.9649122807017544,92,0.08,0.83
best abrasives replacement parts-accessories,https://www.worksharptools.com/shop/abrasives-accessories/abrasives/abrasives-wskts/,12,11,11,29,7,47,15,0,0,0,69,60,0.13043478260869565,0.7246376811594203,171,0.3241106719367589,0.7114624505928854,335,0.2042755344418052,0.4323040380047506
best abrasives replacement parts-accessories,https://www.tidewatervalve.com/abrasives/abrasive-parts-accessories/abrasive-parts,13,2,2,23,4,0,1,2,9,0,16,11,0.3125,0.875,20,0.2857142857142857,0.9285714285714286,983,0.008072653884964682,0.28456104944500504
best abrasives replacement parts-accessories,https://www.amazon.com/Best-Sellers-Industrial-Scientific-Abrasive-Accessories/zgbs/industrial/401506011,14,6,6,38,5,0,0,10,0,0,15,13,0.13333333333333333,0.9333333333333333,6,0.4,0.9,77,0.14444444444444443,0.6888888888888889
best abrasives replacement parts-accessories,https://benchmarkabrasives.com/collections/diamond-blades-accessories,15,4,4,58,8,179,0,0,0,0,187,155,0.1711229946524064,0.6256684491978609,508,0.22324159021406728,0.4602446483180428,2776,0.07957559681697612,0.2486737400530504
best abrasives replacement parts-accessories,https://jooltool.com/collections/abrasive-supplies,16,8,8,32,2,29,172,0,0,0,203,193,0.04926108374384237,0.3497536945812808,33,0.26666666666666666,0.9555555555555556,1097,0.054310344827586204,0.2827586206896552
best abrasives replacement parts-accessories,https://toolsforindustry.com/catalogue/group/203,17,11,11,14,5,0,8,0,2,0,15,12,0.2,1.0,10,0.4444444444444444,1.0,249,0.0311284046692607,0.41245136186770426
best abrasives replacement parts-accessories,https://www.lindedirect.com/store/catalog/shop/Abrasives/Abrasive_Accessories,18,2,2,67,2,87,0,0,12,0,101,94,0.06930693069306931,0.5346534653465347,45,0.021739130434782608,0.4782608695652174,352,0.24301075268817204,0.35053763440860214
best abrasives replacement parts-accessories,https://norfield.com/tools-and-supplies/shop-accessories/abrasives/miscellaneous-abrasive.html,19,10,10,7,2,7,0,0,0,0,9,8,0.1111111111111111,1.0,27,0.41304347826086957,0.8478260869565217,3246,0.012773722627737226,0.1502433090024331
best abrasives replacement parts-accessories,https://www.knuth.com/en/accessories/abrasives,20,3,3,16,1,8,40,79,0,0,128,114,0.109375,0.6875,174,0.3333333333333333,0.524904214559387,59,0.09230769230769231,0.8769230769230769
best 3d printer accessories,https://howtomechatronics.com/tools/top-15-must-have-3d-printer-accessories-and-tools/,1,8,8,54,8,49,4,0,0,0,61,56,0.08196721311475409,0.8524590163934426,1427,0.40267894516534114,0.385935537881959,9,0.18181818181818182,0.9090909090909091
best 3d printer accessories,https://all3dp.com/2/3d-printing-tools-3d-printer-accessories/,2,12,12,49,10,0,91,0,0,0,101,94,0.06930693069306931,0.7524752475247525,2579,0.38900734423122485,0.3513385453683961,459,0.1624087591240876,0.677007299270073
best 3d printer accessories,https://ultimate3dprintingstore.com/collections/tools-3d-printer-accessories,3,9,9,25,5,0,4,0,0,0,9,9,0.0,1.0,87,0.16346153846153846,0.6730769230769231,178,0.0481283422459893,0.8181818181818182
best 3d printer accessories,https://www.youtube.com/watch?v=dto_nLqoIlI,4,17,17,67,30,14,195,183,0,0,422,365,0.13507109004739337,0.42417061611374407,8,0.42857142857142855,0.42857142857142855,41,0.31666666666666665,0.7
best 3d printer accessories,https://all3dp.com/2/must-have-3d-printing-filament-accessories/,5,9,9,38,7,0,29,0,0,0,36,36,0.0,0.9444444444444444,1424,0.4108398841539098,0.4017376913529168,113,0.16296296296296298,0.8222222222222222
best 3d printer accessories,https://www.amazon.com/3D-Printer-Accessories/b?ie=UTF8&node=8481419011,6,5,5,81,17,1017,0,10,4,0,1048,963,0.08110687022900763,0.40076335877862596,6,0.4,0.9,282,0.14285714285714285,0.6231003039513677
best 3d printer accessories,https://www.3dprinteraccessories.shop/en-de,7,11,11,116,4,22,22,0,0,0,48,37,0.22916666666666666,0.8541666666666666,535,0.32364096080910243,0.595448798988622,640,0.022900763358778626,0.3816793893129771
best 3d printer accessories,https://3d-print-files.com/best-3d-printing-tools-and-accessories-to-buy/,8,12,12,45,10,37,60,102,0,0,209,174,0.1674641148325359,0.6363636363636364,2281,0.39831179108414666,0.31996834608282776,137,0.06802721088435375,0.5714285714285714
best 3d printer accessories,https://www.kywoo3d.com/en-de/collections/accessories,9,11,11,42,3,12,2,212,8,0,237,215,0.09282700421940929,0.6075949367088608,63,0.2125,0.9375,61,0.10294117647058823,0.7794117647058824
best 3d printer accessories,https://ultimate3dprintingstore.com/collections/3d-printer-accessories,10,7,7,55,3,0,4,0,0,0,7,7,0.0,1.0,186,0.2017167381974249,0.648068669527897,1811,0.05430809399477807,0.34151436031331595
best 3d printer accessories,https://ultimaker.com/learn/essential-tools-for-every-3d-printing-professional/,11,9,9,53,7,14,44,0,41,30,136,125,0.08088235294117647,0.6544117647058824,1033,0.356386292834891,0.4897196261682243,426,0.2140221402214022,0.5996309963099631
best 3d printer accessories,https://www.reddit.com/r/3Dprinting/comments/su8lvz/accessories_for_3d_printer_as_a_gift/,12,9,9,2,7,7,81,0,0,0,95,71,0.25263157894736843,0.7052631578947368,569,0.37057522123893805,0.5,464,0.2959028831562974,0.5963581183611533
best 3d printer accessories,https://www.raise3d.com/academy/3d-printer-accessories/,13,6,6,46,6,70,0,3,20,0,99,72,0.2727272727272727,0.6161616161616161,935,0.3860801050558109,0.3755745239658569,608,0.08157099697885196,0.27794561933534745
best 3d printer accessories,https://www.cnet.com/tech/computing/best-3d-printing-accessories-make-the-most-of-your-3d-printer/,14,8,8,99,6,23,117,78,0,0,224,200,0.10714285714285714,0.5758928571428571,993,0.41415929203539825,0.4259587020648968,181,0.06217616580310881,0.616580310880829
best 3d printer accessories,https://www.ankermake.com/eu-en/blogs/guides/3d-printer-accessories,15,10,10,8,9,13,48,0,0,0,70,65,0.07142857142857142,0.8571428571428571,843,0.3460046547711404,0.417377812257564,179,0.3193916349809886,0.6121673003802282
best 3d printer accessories,https://www.3djake.com/3d-printer-accessories,16,7,7,44,4,6,171,26,0,0,207,194,0.06280193236714976,0.7439613526570048,381,0.3304042179261863,0.4868189806678383,1059,0.18287037037037038,0.5733024691358025
best 3d printer accessories,https://www.selfcad.com/blog/3d-printer-accessories,17,9,9,23,21,63,10,0,0,0,94,81,0.13829787234042554,0.7659574468085106,970,0.3993808049535604,0.46687306501547987,58,0.13432835820895522,0.8059701492537313
best 3d printer accessories,https://www.youtube.com/watch?v=_uXxOkQm7yE,18,12,12,69,20,14,285,435,0,0,754,661,0.123342175066313,0.3302387267904509,8,0.2727272727272727,0.5454545454545454,41,0.31666666666666665,0.7
best 3d printer accessories,https://www.matterhackers.com/store/c/printer-accessories,19,5,5,426,3,4,0,4,0,0,11,10,0.09090909090909091,0.45454545454545453,78,0.2972972972972973,0.7837837837837838,1298,0.09798471160528145,0.43988881167477417
best 3d printer accessories,https://www.ankermake.com/uk/blogs/guides/3d-printer-accessories-1,20,10,10,6,9,12,67,0,0,0,88,72,0.18181818181818182,0.8409090909090909,38,0.05,0.825,0,0,0
best 3d printers,https://all3dp.com/1/best-3d-printer-reviews-top-3d-printers-home-3-d-printer-3d/,1,11,11,89,39,102,127,97,0,0,365,257,0.2958904109589041,0.3835616438356164,7041,0.3782232426704345,0.2976863299187566,507,0.1362862010221465,0.5570698466780238
best 3d printers,https://www.pcmag.com/picks/the-best-3d-printers,2,6,6,49,20,145,82,56,4,0,307,200,0.3485342019543974,0.4364820846905538,2569,0.397937661120225,0.3733302085774549,2560,0.28451648965902737,0.3345444382336501
best 3d printers,https://www.antonmansson.com/one-of-the-best-3d-printer-for-beginners-price-drop,3,8,8,15,5,7,14,24,0,0,50,36,0.28,0.64,849,0.4148862853204686,0.46106133700895935,0,0,0
best 3d printers,https://www.amazon.de/-/en/gp/bestsellers/industrial/6587748031,4,10,10,38,5,0,0,15,0,0,20,16,0.2,0.9,157,0.39846743295019155,0.5900383141762452,119,0.14388489208633093,0.7338129496402878
best 3d printers,"https://www.tomsguide.com/us/best-3d-printers,review-2236.html",5,8,8,44,5,22,77,42,2,0,148,108,0.2702702702702703,0.4594594594594595,1735,0.3858407079646018,0.3798230088495575,217,0.20802919708029197,0.583941605839416
best 3d printers,https://www.usnews.com/360-reviews/technology/best-3d-printers,6,10,10,12,5,29,4,0,0,0,38,26,0.3157894736842105,0.8421052631578947,1636,0.36662795199380566,0.38521099496709255,594,0.16573033707865167,0.5196629213483146
best 3d printers,https://www.cnet.com/tech/computing/best-budget-3d-printer/,7,7,7,45,5,30,52,23,0,0,110,95,0.13636363636363635,0.6,996,0.40394973070017953,0.44584081388390184,254,0.10877192982456141,0.6491228070175439
best 3d printers,https://3dprinting.com/3dprinters/best-3d-printers/,8,10,10,91,6,106,91,10,4,0,217,201,0.07373271889400922,0.5576036866359447,503,0.35012919896640826,0.5697674418604651,716,0.04660452729693742,0.26897470039946736
best 3d printers,https://www.youtube.com/watch?v=VsKUJchjkww,9,14,14,0,0,0,0,0,0,0,0,0,0,0,0,0,0,0,0,0
best 3d printers,https://www.youtube.com/watch?v=fYSx0OYkYzI,10,12,12,59,20,14,274,141,0,0,449,393,0.12472160356347439,0.39420935412026725,8,0.2,0.5,41,0.31666666666666665,0.7
best 3d printers,https://all3dp.com/1/best-large-3d-printer-large-format-scale-3d-printers/,11,9,9,25,7,2,47,55,0,0,111,76,0.3153153153153153,0.7477477477477478,3474,0.3990659055526726,0.36706452170904685,192,0.16521739130434782,0.6217391304347826
best 3d printers,https://store.creality.com/blog/best-3d-printer-for-beginners,12,10,10,219,10,22,126,2,0,0,160,120,0.25,0.675,1187,0.3126809496236248,0.4736537348002316,1159,0.12196969696969696,0.42954545454545456
best 3d printers,https://www.tomshardware.com/best-picks/best-3d-printers,13,0,0,0,0,0,0,0,0,0,0,0,0,0,0,0,0,0,0,0
best 3d printers,https://www.cnet.com/tech/computing/best-3d-printer/,14,0,0,0,0,0,0,0,0,0,0,0,0,0,0,0,0,0,0,0
best 3d printers,https://www.nytimes.com/wirecutter/reviews/best-home-3d-printer/,15,11,11,20,4,107,67,36,0,0,214,151,0.29439252336448596,0.411214953271028,3421,0.4020276175493795,0.31917496941094214,4309,0.138372325534893,0.41011797640471903
best 3d printers,https://www.techradar.com/best/best-3d-printers,16,0,0,0,0,0,0,0,0,0,0,0,0,0,0,0,0,0,0,0
best 3d printers,https://www.matterhackers.com/store/c/3d-printers,17,8,8,305,6,3,0,67,0,0,76,50,0.34210526315789475,0.5263157894736842,668,0.3797585886722377,0.40297121634168986,2170,0.1426313709996049,0.2955353615171869
best 3d printers,https://3dscanexpert.com/3d-printers/what-is-the-best-3d-printer-to-buy-in-2024/,18,9,9,28,11,41,79,82,0,0,213,183,0.14084507042253522,0.6854460093896714,3645,0.4136100386100386,0.34523809523809523,767,0.0519159456118665,0.36093943139678614
best 3d printers,https://www.pcmag.com/picks/the-best-cheap-3d-printers,19,7,7,38,22,126,26,42,4,0,220,177,0.19545454545454546,0.5227272727272727,1091,0.3843115124153499,0.49548532731376976,1204,0.1842818428184282,0.37669376693766937
best 3d printers,https://www.youtube.com/watch?v=ZbFNo6LjM0k,20,12,12,53,20,9,250,0,0,0,279,236,0.15412186379928317,0.5412186379928315,8,0.2,0.5,41,0.31666666666666665,0.7
best ab wheels or rollers,https://www.garagegymreviews.com/best-ab-roller,1,13,13,91,13,116,556,25,0,0,710,554,0.21971830985915494,0.37464788732394366,2240,0.399624765478424,0.3487000804073975,934,0.1423324150596878,0.5142332415059688
best ab wheels or rollers,https://www.coachweb.com/gym-equipment/9164/best-abs-rollers-and-abs-wheels,2,0,0,0,0,0,0,0,0,0,0,0,0,0,0,0,0,0,0,0
best ab wheels or rollers,https://www.youtube.com/watch?v=gNuJRIRYLdU,3,10,10,100,16,14,470,27,0,0,527,444,0.15749525616698293,0.6546489563567363,8,0.5294117647058824,0.35294117647058826,41,0.31666666666666665,0.7
best ab wheels or rollers,https://www.livestrong.com/article/502115-does-the-ab-roller-actually-work/,4,10,10,10,13,30,0,7,49,0,99,66,0.3333333333333333,0.7070707070707071,317,0.37351778656126483,0.541501976284585,169,0.26200873362445415,0.7074235807860262
best ab wheels or rollers,https://barbend.com/best-ab-rollers/,5,12,12,36,9,64,118,127,0,0,318,250,0.2138364779874214,0.46855345911949686,1481,0.4076,0.3552,1513,0.15569196428571427,0.32979910714285715
best ab wheels or rollers,https://us.my-best.com/22121,6,9,9,120,7,42,103,157,0,0,309,216,0.30097087378640774,0.598705501618123,2673,0.35652383245065,0.3103033220991815,742,0.2334710743801653,0.45661157024793386
best ab wheels or rollers,https://www.dmoose.com/blogs/workout-training/effectivenes-of-ab-wheel-roller-and-9-benefits,7,13,13,92,13,96,250,24,0,21,404,329,0.18564356435643564,0.5470297029702971,1813,0.3116932422171602,0.43621867881548976,1470,0.17415730337078653,0.4370786516853933
best ab wheels or rollers,https://www.reddit.com/r/bodyweightfitness/comments/9hrgoi/are_ab_roller_wheels_worth_it/,8,8,8,2,6,7,215,0,0,0,228,164,0.2807017543859649,0.8421052631578947,1357,0.3995575221238938,0.2079646017699115,1123,0.36589497459062675,0.20553359683794467
best ab wheels or rollers,https://www.t3.com/features/best-ab-roller,9,11,11,52,15,13,49,36,0,0,113,86,0.23893805309734514,0.5398230088495575,956,0.3832258064516129,0.4735483870967742,325,0.2459396751740139,0.6682134570765661
best ab wheels or rollers,https://www.youtube.com/watch?v=IgUtQadb_FU,10,13,13,77,22,14,510,222,0,0,768,705,0.08203125,0.3684895833333333,8,0.4666666666666667,0.4,41,0.31666666666666665,0.7
best ab wheels or rollers,https://www.amazon.com/Best-Sellers-Exercise-Roller-Wheels/zgbs/sporting-goods/21615013011,11,7,7,46,6,0,0,10,4,0,20,18,0.1,0.95,6,0.4,0.9,77,0.14444444444444443,0.6888888888888889
best ab wheels or rollers,https://www.kingcalisthenics.com/post/the-perfect-ab-wheel,12,4,4,10,4,15,0,0,0,2,21,17,0.19047619047619047,0.9047619047619048,275,0.3982494529540481,0.6280087527352297,31,0.1388888888888889,0.6111111111111112
best ab wheels or rollers,https://www.menshealth.com/fitness/a35809410/best-ab-roller-wheel/,13,0,0,0,0,0,0,0,0,0,0,0,0,0,0,0,0,0,0,0
best ab wheels or rollers,https://www.buoyhealth.com/blog/health/best-ab-roller,14,7,7,0,5,10,154,4,0,0,173,138,0.2023121387283237,0.6127167630057804,1814,0.4038777522182057,0.2822872165626027,578,0.3696837513631407,0.46564885496183206
best ab wheels or rollers,https://www.si.com/showcase/fitness/best-ab-roller-wheel,15,0,0,0,0,0,0,0,0,0,0,0,0,0,0,0,0,0,0,0
best ab wheels or rollers,https://www.livescience.com/best-ab-rollers,16,0,0,0,0,0,0,0,0,0,0,0,0,0,0,0,0,0,0,0
best ab wheels or rollers,https://www.verywellfit.com/best-ab-roller-7153125,17,0,0,0,0,0,0,0,0,0,0,0,0,0,0,0,0,0,0,0
best ab wheels or rollers,https://www.fitandwell.com/buying-guides/best-ab-rollers,18,0,0,0,0,0,0,0,0,0,0,0,0,0,0,0,0,0,0,0
best ab wheels or rollers,https://torokhtiy.com/blogs/reviews/best-ab-rollers,19,13,13,31,10,43,113,6,0,0,172,143,0.1686046511627907,0.6686046511627907,2388,0.35875402792696026,0.42749731471535984,827,0.18361303060217177,0.5656465942744324
best ab wheels or rollers,https://www.reddit.com/r/bodyweightfitness/comments/24qnqt/which_type_of_ab_wheel_do_you_prefer/,20,10,10,2,8,7,215,0,0,0,230,163,0.29130434782608694,0.8304347826086956,1194,0.4086181277860327,0.17682020802377416,1131,0.3653198653198653,0.20875420875420875
best abrasive blaster accessories,"https://www.amazon.com/Best-Sellers-Sand-Blaster-Accessories,-Parts-Media/zgbs/hi/9022394011",1,10,10,43,9,0,0,10,4,0,23,21,0.08695652173913043,0.9565217391304348,6,0.4,0.9,77,0.14444444444444443,0.6888888888888889
best abrasive blaster accessories,https://www.amazon.de/-/en/gp/bestsellers/diy/2077474031,2,10,10,34,5,0,0,4,0,0,9,7,0.2222222222222222,1.0,151,0.398406374501992,0.5856573705179283,119,0.14388489208633093,0.7338129496402878
best abrasive blaster accessories,https://www.induscosolution.com/eng_m_SAND-BLASTING-ACCESSORIES-166.html,3,3,3,132,3,7,601,0,2,0,613,546,0.10929853181076672,0.4469820554649266,0,0,0,675,0.11067193675889328,0.5217391304347826
best abrasive blaster accessories,https://www.thomasnet.com/articles/machinery-tools-supplies/best-sand-blaster/,4,10,10,19,10,123,170,4,0,0,307,281,0.08469055374592833,0.36482084690553745,1078,0.38329519450800914,0.46167048054919907,607,0.11257309941520467,0.4283625730994152
best abrasive blaster accessories,https://sandblaster-parts.com/,5,10,10,9,2,16,21,4,0,0,43,31,0.27906976744186046,0.8372093023255814,213,0.3808139534883721,0.6686046511627907,2212,0.06941522928060581,0.12999579301640724
best abrasive blaster accessories,https://www.autobodytoolmart.com/category/abrasive-blasting-equipment/,6,0,0,0,0,0,0,0,0,0,0,0,0,0,0,0,0,0,0,0
best abrasive blaster accessories,https://www.hteabrasiveblast.com/item/index/Blast%20Accessories,7,2,2,26,3,4,0,2,0,0,9,9,0.0,0.8888888888888888,5,0.16666666666666666,1.0,26,0.07142857142857142,0.5
best abrasive blaster accessories,https://www.clarketooling.co.uk/product-category/sandblasting-gritblasting-equipment-and-accessories/,8,9,9,25,6,57,4,0,0,0,67,64,0.04477611940298507,0.6865671641791045,102,0.16393442622950818,0.7377049180327869,362,0.06940874035989718,0.37789203084832906
best abrasive blaster accessories,https://www.machinemart.co.uk/c/sandblasting-equipment-and-accessories/,9,9,9,20,6,10,108,708,0,0,832,808,0.028846153846153848,0.47115384615384615,392,0.26454033771106944,0.40150093808630394,799,0.05667060212514758,0.6186540731995277
best abrasive blaster accessories,https://bluedogblasting.com/,10,9,9,59,5,8,0,103,0,33,149,133,0.10738255033557047,0.6510067114093959,30,0.0,0.3333333333333333,266,0.03272727272727273,0.17454545454545456
best abrasive blaster accessories,https://www.ntruddock.com/sandblasting-equipment/,11,7,7,86,2,175,14,0,0,0,191,187,0.020942408376963352,0.49214659685863876,406,0.3820395738203957,0.5038051750380518,398,0.045563549160671464,0.486810551558753
best abrasive blaster accessories,https://www.tptools.com/Most-Popular-Skat-Blast-Cabinets.html,12,2,2,0,0,2,0,0,0,0,2,2,0.0,1.0,3,0.0,1.0,0,0,0
best abrasive blaster accessories,https://www.eastwood.com/abrasive-blasting/accessories.html,13,7,7,53,2,0,9,0,0,0,11,9,0.18181818181818182,1.0,365,0.38030560271646857,0.3938879456706282,4049,0.06554350334641126,0.4202630971613201
best abrasive blaster accessories,https://blast.elcometer.com/en/abrasive-blast-machines/blast-machine-accessories/,14,8,8,77,9,0,195,0,0,0,204,199,0.024509803921568627,0.4362745098039216,392,0.3170731707317073,0.524390243902439,1207,0.2237942122186495,0.30610932475884245
best abrasive blaster accessories,https://www.tptools.com/Useful-Blast-Cabinet-Accessories.html,15,2,2,0,0,2,0,0,0,0,2,2,0.0,1.0,3,0.0,1.0,0,0,0
best abrasive blaster accessories,https://www.youtube.com/watch?v=o84dd1n4eoY,16,18,18,67,32,14,277,135,0,0,458,401,0.12445414847161572,0.5502183406113537,8,0.4666666666666667,0.4,41,0.31666666666666665,0.7
best abrasive blaster accessories,https://www.kingtoolsandequipment.com/collections/abrasive-blasting-accessories,17,8,8,13,3,0,0,6,42,0,51,49,0.0392156862745098,0.49019607843137253,20,0.047619047619047616,0.9523809523809523,1261,0.006304176516942475,0.21749408983451538
best abrasive blaster accessories,https://sandblastinc.com/blast-accessories,18,6,6,66,2,15,133,11,2,0,163,152,0.06748466257668712,0.6196319018404908,189,0.20253164556962025,0.7172995780590717,150,0.044585987261146494,0.7515923566878981
best abrasive blaster accessories,https://www.woodsmith.com/review/best-sandblaster/,19,12,12,17,10,18,99,31,0,0,158,123,0.22151898734177214,0.6962025316455697,1122,0.3931855056787453,0.447809626825311,257,0.22590361445783133,0.641566265060241
best abrasive blaster accessories,https://www.northerntool.com/categories/abrasive-blasting-parts-accessories,20,3,3,0,1,10,0,0,0,0,11,6,0.45454545454545453,1.0,0,0,0,0,0,0
best abrasive blasters,https://www.youtube.com/watch?v=oT_D22O2Ya8,1,9,9,48,14,9,334,0,0,0,357,309,0.13445378151260504,0.7535014005602241,9,0.5,0.3888888888888889,41,0.31666666666666665,0.7
best abrasive blasters,https://www.amazon.de/-/en/gp/bestsellers/diy/2077474031,2,10,10,38,5,0,0,15,0,0,20,16,0.2,0.9,157,0.39846743295019155,0.5900383141762452,119,0.14388489208633093,0.7338129496402878
best abrasive blasters,https://www.ntruddock.com/sandblasting-equipment/,3,7,7,86,2,175,14,0,0,0,191,187,0.020942408376963352,0.49214659685863876,406,0.3820395738203957,0.5038051750380518,398,0.045563549160671464,0.486810551558753
best abrasive blasters,https://www.sharrettsplating.com/blog/7-tips-for-choosing-abrasive-blasting-media/,4,10,10,11,7,6,6,36,0,0,55,38,0.3090909090909091,0.7636363636363637,77,0.3418803418803419,0.8376068376068376,953,0.16768558951965065,0.41746724890829695
best abrasive blasters,https://www.tool.report/best_of/sand-blasters/handheld/,5,8,8,45,6,23,45,5,65,0,144,118,0.18055555555555555,0.7222222222222222,789,0.34793388429752065,0.44214876033057854,161,0.09550561797752809,0.8314606741573034
best abrasive blasters,https://www.youtube.com/watch?v=D-A2ouDbrSA,6,9,9,88,14,14,500,138,0,0,666,577,0.13363363363363365,0.46846846846846846,8,0.2727272727272727,0.5454545454545454,41,0.31666666666666665,0.7
best abrasive blasters,https://www.eastwood.com/abrasive-blasting.html,7,7,7,56,2,12,16,0,0,0,30,24,0.2,0.7333333333333333,601,0.3667017913593256,0.3719704952581665,3881,0.06029055690072639,0.42033898305084744
best abrasive blasters,https://www.mig-welding.co.uk/forum/threads/choosing-a-portable-sand-blaster.124952/,8,9,9,50,5,0,51,33,26,0,115,100,0.13043478260869565,0.6173913043478261,0,0,0,129,0.044444444444444446,0.42962962962962964
best abrasive blasters,https://www.youtube.com/watch?v=AF1VMRIwJl0,9,10,10,64,17,13,231,2,0,0,263,226,0.14068441064638784,0.6615969581749049,8,0.2727272727272727,0.5454545454545454,41,0.31666666666666665,0.7
best abrasive blasters,https://www.sawinery.net/best-sand-blaster/,10,10,10,39,9,21,71,110,0,0,211,148,0.2985781990521327,0.5592417061611374,1314,0.3989021043000915,0.4556267154620311,262,0.24057971014492754,0.527536231884058
best abrasive blasters,https://www.lematec-tools.com/sandblasting-media-sandblast-reference,11,8,8,49,16,0,0,53,0,0,69,44,0.36231884057971014,0.7246376811594203,551,0.3409090909090909,0.49401913875598086,10442,0.16650702426564495,0.13234355044699872
best abrasive blasters,https://www.popularwoodworking.com/review/best-sandblaster/,12,9,9,20,5,22,106,10,0,0,143,112,0.21678321678321677,0.6573426573426573,960,0.3548387096774194,0.4879032258064516,406,0.21470019342359767,0.5783365570599613
best abrasive blasters,https://www.youtube.com/watch?v=o84dd1n4eoY,13,18,18,64,32,14,277,135,0,0,458,398,0.13100436681222707,0.5611353711790393,8,0.4666666666666667,0.4,41,0.31666666666666665,0.7
best abrasive blasters,https://www.woodsmith.com/review/best-sandblaster/,14,12,12,17,10,18,99,31,0,0,158,123,0.22151898734177214,0.6962025316455697,1122,0.3931855056787453,0.447809626825311,257,0.22590361445783133,0.641566265060241
best abrasive blasters,https://www.thomasnet.com/articles/machinery-tools-supplies/best-sand-blaster/,15,10,10,17,10,123,170,4,0,0,307,281,0.08469055374592833,0.36482084690553745,1078,0.38329519450800914,0.46167048054919907,607,0.11257309941520467,0.4283625730994152
best abrasive blasters,https://www.bobvila.com/articles/best-sandblasters/,16,0,0,0,0,0,0,0,0,0,0,0,0,0,0,0,0,0,0,0
best abrasive blasters,https://www.amazon.com/Best-Sellers-Power-Sand-Blasters/zgbs/hi/552714,17,7,7,37,6,0,0,10,4,0,20,18,0.1,0.95,6,0.4,0.9,77,0.14444444444444443,0.6888888888888889
best abrasive blasters,https://www.tool.report/best_of/sand-blasters/mini/,18,8,8,36,6,21,47,5,65,0,144,118,0.18055555555555555,0.7222222222222222,714,0.3590664272890485,0.42100538599640935,110,0.02654867256637168,0.7876106194690266
best abrasive blasters,https://www.youtube.com/watch?v=AwoXOdLGFKc,19,10,10,56,18,18,279,101,0,0,416,369,0.11298076923076923,0.5480769230769231,8,0.2,0.5,41,0.31666666666666665,0.7
best abrasive blasters,https://www.electronicshub.org/best-sandblasters/,20,10,10,28,8,32,49,0,0,0,89,81,0.0898876404494382,0.6067415730337079,1160,0.4246031746031746,0.3239087301587302,479,0.27424242424242423,0.45454545454545453
best abrasive blasters or sandblasters,https://www.finishingsystems.com/blog/sandblasting-vs-abrasive-blasting-whats-the-difference/,1,7,7,5,7,24,4,6,0,0,41,30,0.2682926829268293,0.7317073170731707,294,0.373134328358209,0.5756929637526652,502,0.052830188679245285,0.4226415094339623
best abrasive blasters or sandblasters,https://www.youtube.com/watch?v=oT_D22O2Ya8,2,9,9,70,14,9,569,0,0,0,592,481,0.1875,0.5692567567567568,8,0.5,0.375,41,0.31666666666666665,0.7
best abrasive blasters or sandblasters,https://www.mig-welding.co.uk/forum/threads/choosing-a-portable-sand-blaster.124952/,3,9,9,50,5,0,51,33,26,0,115,100,0.13043478260869565,0.6173913043478261,0,0,0,129,0.044444444444444446,0.42962962962962964
best abrasive blasters or sandblasters,https://www.ntruddock.com/sand-blasting-sand/,4,12,12,46,3,93,14,0,0,0,110,108,0.01818181818181818,0.43636363636363634,402,0.40620384047267355,0.47858197932053176,346,0.04155124653739612,0.5678670360110804
best abrasive blasters or sandblasters,https://www.bobvila.com/articles/best-sandblasters/,5,0,0,0,0,0,0,0,0,0,0,0,0,0,0,0,0,0,0,0
best abrasive blasters or sandblasters,https://www.lematec-tools.com/sandblasting-media-sandblast-reference,6,8,8,49,16,0,0,53,0,0,69,44,0.36231884057971014,0.7246376811594203,551,0.3409090909090909,0.49401913875598086,10442,0.16650702426564495,0.13234355044699872
best abrasive blasters or sandblasters,https://quantumblast.com.au/how-to-choose-the-best-sandblasting-equipment/,7,10,10,9,7,22,0,9,0,3,41,30,0.2682926829268293,1.0,475,0.4444444444444444,0.47134502923976607,503,0.1588628762541806,0.4682274247491639
best abrasive blasters or sandblasters,https://www.youtube.com/watch?v=o84dd1n4eoY,8,18,18,63,32,14,250,135,0,0,431,376,0.12761020881670534,0.54292343387471,8,0.42857142857142855,0.42857142857142855,41,0.31666666666666665,0.7
best abrasive blasters or sandblasters,https://montipower.com/alternative-to-sandblasting/,9,8,8,17,3,57,60,12,0,0,132,86,0.3484848484848485,0.49242424242424243,880,0.4225721784776903,0.40551181102362205,690,0.02127659574468085,0.22411347517730495
best abrasive blasters or sandblasters,https://www.finishingsystems.com/blog/shotblasting-sandblasting-difference/,10,8,8,8,7,58,4,6,0,0,75,57,0.24,0.5066666666666667,1057,0.3368883312421581,0.42785445420326224,965,0.1652249134948097,0.5
best abrasive blasters or sandblasters,https://blog.spongejet.com/sandblasting-vs-abrasive-blasting,11,4,4,10,5,0,8,0,0,0,13,10,0.23076923076923078,1.0,391,0.34615384615384615,0.596989966555184,489,0.048638132295719845,0.4377431906614786
best abrasive blasters or sandblasters,https://www.eastwood.com/abrasive-blasting.html,12,7,7,56,2,12,16,0,0,0,30,24,0.2,0.7333333333333333,601,0.3667017913593256,0.3719704952581665,3881,0.06029055690072639,0.42033898305084744
best abrasive blasters or sandblasters,https://www.garagejournal.com/forum/threads/need-some-help-buying-a-sand-blaster.452901/,13,11,11,21,7,0,1,28,47,0,83,81,0.024096385542168676,0.3373493975903614,0,0,0,167,0.17326732673267325,0.46534653465346537
best abrasive blasters or sandblasters,https://www.thomasnet.com/articles/machinery-tools-supplies/best-sand-blaster/,14,10,10,19,10,123,170,4,0,0,307,281,0.08469055374592833,0.36482084690553745,1078,0.38329519450800914,0.46167048054919907,607,0.11257309941520467,0.4283625730994152
best abrasive blasters or sandblasters,https://www.amazon.de/-/en/gp/bestsellers/diy/2077474031,15,10,10,38,5,0,0,15,0,0,20,16,0.2,0.9,157,0.39846743295019155,0.5900383141762452,119,0.14388489208633093,0.7338129496402878
best abrasive blasters or sandblasters,https://abitl.com/10-types-of-abrasive-blasting-whats-the-difference/,16,12,12,13,8,31,34,8,3,0,84,70,0.16666666666666666,0.7380952380952381,1026,0.41237113402061853,0.3785796105383734,223,0.11857707509881422,0.42292490118577075
best abrasive blasters or sandblasters,https://www.youtube.com/watch?v=N8SML-qgH9A,17,14,14,57,24,16,299,54,0,0,393,318,0.19083969465648856,0.55470737913486,8,0.38461538461538464,0.46153846153846156,41,0.31666666666666665,0.7
best abrasive blasters or sandblasters,https://swantonweld.com/different-types-of-sand-blasting/,18,9,9,10,6,20,0,0,0,0,26,22,0.15384615384615385,0.8846153846153846,349,0.4013722126929674,0.516295025728988,161,0.08522727272727272,0.5227272727272727
best abrasive blasters or sandblasters,https://www.jalopyjournal.com/forum/threads/what-is-the-best-sandblaster.522726/,19,8,8,38,5,0,93,5,0,0,103,91,0.11650485436893204,0.8543689320388349,29,0.19444444444444445,0.9444444444444444,1404,0.330791229742612,0.4580552907530982
best abrasive blasters or sandblasters,https://www.woodsmith.com/review/best-sandblaster/,20,12,12,17,10,18,99,31,0,0,158,123,0.22151898734177214,0.6962025316455697,1122,0.3931855056787453,0.447809626825311,257,0.22590361445783133,0.641566265060241
best abrasive pads or steel wool,https://www.finewoodworking.com/2002/12/01/steel-wool-vs-abrasive-pads,1,7,7,24,14,19,52,23,7,0,115,92,0.2,0.8521739130434782,472,0.3426183844011142,0.5891364902506964,405,0.21663442940038685,0.5899419729206963
best abrasive pads or steel wool,https://www.garagejournal.com/forum/threads/steel-wool-vs-scotch-brite-any-use-for-steel-wool-anymore.447744/,2,14,14,28,10,0,1,51,79,0,141,136,0.03546099290780142,0.3829787234042553,0,0,0,225,0.034334763948497854,0.4248927038626609
best abrasive pads or steel wool,https://www.reddit.com/r/BeginnerWoodWorking/comments/1230223/differences_between_3m_finishing_pad_vs_3m/,3,12,12,2,10,7,142,0,0,0,159,109,0.31446540880503143,0.8238993710691824,310,0.35550935550935553,0.5675675675675675,391,0.2538167938931298,0.6564885496183206
best abrasive pads or steel wool,https://www.youtube.com/watch?v=IQffoDEl9bo,4,10,10,69,16,17,226,72,0,0,331,270,0.18429003021148035,0.43202416918429004,8,0.2,0.5,41,0.31666666666666665,0.7
best abrasive pads or steel wool,https://insights.am-ind.com/which-3m-scotch-brite-hand-pad-when,5,6,6,24,6,31,80,4,0,0,121,107,0.11570247933884298,0.5206611570247934,277,0.28974358974358977,0.5974358974358974,405,0.21052631578947367,0.4346978557504873
best abrasive pads or steel wool,https://reviewed.usatoday.com/cleaning/features/what-steel-used-and-can-clean-your-mess,6,0,0,0,0,0,0,0,0,0,0,0,0,0,0,0,0,0,0,0
best abrasive pads or steel wool,https://www.practicalmachinist.com/forum/threads/using-scotchbrite-and-steel-wool-in-parts-washer.372847/,7,21,21,36,8,0,16,25,21,0,70,63,0.1,0.6571428571428571,118,0.40404040404040403,0.696969696969697,193,0.005154639175257732,0.4948453608247423
best abrasive pads or steel wool,https://www.cwhaydenonline.com/blog/post/whats-the-right-hand-pad-for-your-surface-conditioning-application,8,10,10,17,22,0,66,0,0,0,88,83,0.056818181818181816,0.6136363636363636,1074,0.34512195121951217,0.43658536585365854,205,0.10480349344978165,0.5938864628820961
best abrasive pads or steel wool,https://lukethewindowcleaner.com/community/t/bronze-wool-vs-steel-wool/1308,9,14,14,16,5,0,16,7,0,0,28,25,0.10714285714285714,0.9642857142857143,141,0.37610619469026546,0.6548672566371682,10,0.0,0.9
best abrasive pads or steel wool,https://www.cleanandclearmn.com/using-steel-wool-for-window-cleaning/,10,10,10,12,46,7,0,13,28,0,94,69,0.26595744680851063,0.7340425531914894,487,0.36089238845144356,0.547244094488189,342,0.11398963730569948,0.4326424870466321
best abrasive pads or steel wool,https://www.youtube.com/watch?v=dSjT1bgtdQc,11,12,12,63,20,13,191,82,0,0,306,261,0.14705882352941177,0.5294117647058824,8,0.2727272727272727,0.5454545454545454,41,0.31666666666666665,0.7
best abrasive pads or steel wool,https://www.youtube.com/watch?v=UkbES1Vy9xc,12,11,11,50,18,8,363,0,0,0,389,306,0.2133676092544987,0.7172236503856041,0,1.0,0.25,41,0.31666666666666665,0.7
best abrasive pads or steel wool,https://www.steelwool.biz/Steel_Wool_Stuff_to_know1.htm,13,5,5,11,0,0,0,0,0,0,0,0,0,0,370,0.36860068259385664,0.5546075085324232,0,0,0
best abrasive pads or steel wool,https://www.finewoodworking.com/forum/abrasive-pads,14,4,4,27,11,16,32,33,7,0,99,81,0.18181818181818182,0.797979797979798,682,0.3473684210526316,0.5167464114832536,891,0.3033620015637217,0.5308835027365129
best abrasive pads or steel wool,https://familywoodworking.org/forums/index.php?threads/abrasive-pad-recommendations.41668/,15,6,6,9,3,0,1,12,6,0,22,22,0.0,0.8181818181818182,0,0,0,77,0.04938271604938271,0.6172839506172839
best abrasive pads or steel wool,https://www.bonappetit.com/story/homax-steel-wool,16,0,0,0,0,0,0,0,0,0,0,0,0,0,0,0,0,0,0,0
best abrasive pads or steel wool,https://www.reddit.com/r/Cooking/comments/cnclqe/steel_wool_vs_green_scotchbrite_scouring_pad_on/,17,13,13,5,11,7,4,0,0,0,22,16,0.2727272727272727,0.9545454545454546,206,0.39766081871345027,0.6345029239766082,163,0.11891891891891893,0.8324324324324325
best abrasive pads or steel wool,https://sawmillcreek.org/showthread.php?93869-Steel-wool-instead-of-sandpaper,18,5,5,35,5,12,0,4,0,24,45,39,0.13333333333333333,0.6666666666666666,2,0.0,1.0,1033,0.23367952522255192,0.5229970326409495
best abrasive pads or steel wool,https://www.lumberjocks.com/threads/steel-wool-scotchbrite-which-one-and-why.43832/,19,0,0,0,0,0,0,0,0,0,0,0,0,0,0,0,0,0,0,0
best abrasive pads or steel wool,https://www.eevblog.com/forum/manufacture/stainless-steel-scouring-pad-vs-brass-wool-for-solder-tip-cleaning/,20,14,14,118,4,0,17,13,155,0,189,175,0.07407407407407407,0.15873015873015872,6,0.3333333333333333,1.0,133,0.029197080291970802,0.44525547445255476
best abrasives,https://bestabrasives.com.au/,1,7,7,100,0,57,30,0,0,0,87,75,0.13793103448275862,0.896551724137931,683,0.3592870544090056,0.5619136960600375,723,0.17087155963302753,0.5194954128440367
best abrasives,https://bestabrasives.com.au/collections/all,2,10,10,83,2,7,0,0,0,0,9,8,0.1111111111111111,1.0,141,0.19428571428571428,0.6114285714285714,1134,0.03898305084745763,0.4186440677966102
best abrasives,https://au.linkedin.com/company/best-abrasives,3,4,4,49,2,36,66,24,0,0,128,110,0.140625,0.703125,448,0.3149847094801223,0.5412844036697247,561,0.22727272727272727,0.5991735537190083
best abrasives,https://www.youtube.com/@bestabrasives9276,4,5,5,1,5,0,0,0,0,0,5,3,0.4,1.0,73,0.43410852713178294,0.627906976744186,41,0.31666666666666665,0.7
best abrasives,https://www.amazon.de/-/en/gp/bestsellers/industrial/2077226031,5,12,12,34,7,0,0,4,0,0,11,9,0.18181818181818182,1.0,151,0.398406374501992,0.5856573705179283,119,0.14388489208633093,0.7338129496402878
best abrasives,https://millin.co.nz/collections/what-abrasive-is-best-abrasives-sanding-belts,6,6,6,26,4,18,0,4,0,0,26,20,0.23076923076923078,0.9230769230769231,131,0.13245033112582782,0.6357615894039735,3823,0.0910603899191631,0.25558725630052304
best abrasives,https://www.topabrasives.com.au/,7,8,8,71,0,113,42,0,0,0,155,124,0.2,0.5032258064516129,328,0.215311004784689,0.5956937799043063,50,0.0196078431372549,0.803921568627451
best abrasives,https://www.empireabrasives.com/blog/best-sandpaper-for-wood-choosing-the-abrasive-grain-and-grit/,8,13,13,77,10,22,65,72,6,0,175,156,0.10857142857142857,0.5485714285714286,1141,0.37616183706943684,0.3723346090759978,1415,0.050335570469798654,0.3174496644295302
best abrasives,https://www.ultrimaxstore.com/training-resources/knowledge-centre/are-mirka-sanding-pads-the-best-5-other-brands-to-consider,9,6,6,33,11,17,38,12,0,0,78,64,0.1794871794871795,0.6666666666666666,527,0.37187127532777114,0.5780691299165673,1233,0.06520090978013647,0.3305534495830174
best abrasives,https://www.youtube.com/watch?v=XAIlQ6IUcqM,10,9,9,65,14,9,320,0,0,0,343,296,0.13702623906705538,0.6967930029154519,8,0.2727272727272727,0.5454545454545454,41,0.31666666666666665,0.7
best abrasives,https://www.worksharptools.com/the-best-abrasives-to-sharpen-your-knife/,11,11,11,20,0,73,29,0,0,0,102,85,0.16666666666666666,0.5294117647058824,490,0.43287037037037035,0.5115740740740741,324,0.21739130434782608,0.43478260869565216
best abrasives,https://www.redlabelabrasives.com/blogs/news/the-best-abrasives-for-boat-sanding,12,13,13,39,6,71,66,3,25,12,183,132,0.2786885245901639,0.73224043715847,1188,0.3595687331536388,0.41671159029649596,2357,0.19170096021947874,0.26886145404663925
best abrasives,https://www.mscdirect.com/betterMRO/metalworking/what-are-right-abrasives-your-metal-removal-and-finishing-work,13,15,15,21,12,29,30,19,53,0,143,100,0.3006993006993007,0.7692307692307693,1200,0.40357852882703776,0.4567594433399602,172,0.3064516129032258,0.6653225806451613
best abrasives,https://www.facebook.com/bestabrasives/,14,7,7,20,2,6,0,0,0,0,8,8,0.0,0.875,0,0,0,12,0.07692307692307693,1.0
best abrasives,https://www.preferredabrasives.com/faq/best-abrasive-use-answer-depends-much-pressure-used-even-recommendations-need-considered-general-guideline/,15,10,10,3,7,0,2,0,0,0,9,4,0.5555555555555556,1.0,0,0,0,618,0.05069124423963134,0.24731182795698925
best abrasives,https://www.redlabelabrasives.com/blogs/news/choosing-the-best-abrasive-grain-type-for-your-application,16,13,13,39,9,32,39,3,25,12,120,87,0.275,0.775,770,0.350210970464135,0.4962025316455696,1684,0.11461619348054679,0.167192429022082
best abrasives,https://www.youtube.com/channel/UCTpHM5kPcHI2aC-DmwwTzZA,17,4,4,17,0,2,46,0,0,0,48,35,0.2708333333333333,0.875,3,0.0,0.6666666666666666,0,0,0
best abrasives,https://www.instagram.com/best_abrasives/,18,8,8,37,28,1,0,0,33,0,62,41,0.3387096774193548,0.8548387096774194,0,0,0,44,0.35294117647058826,0.7794117647058824
best abrasives,https://judge.me/reviews/best-abrasives,19,6,6,39,3,0,0,1,0,0,4,4,0.0,1.0,237,0.3696808510638298,0.7074468085106383,0,0,0
best abrasives,https://www.reddit.com/r/Tools/comments/s04x0k/best_abrasives_brand_angle_grinderdie_grinder/,20,8,8,1,6,7,35,0,0,0,48,37,0.22916666666666666,0.9583333333333334,455,0.3546099290780142,0.502127659574468,342,0.23318385650224216,0.6748878923766816
