query,host,warc_date,url,url_path_digits,links,self_links,nofollow_links,anchor_chars_mean,anchor_words_mean,affiliate_links,affiliate_anchor_chars_mean,affiliate_anchor_words_mean,affiliate_product_links,affiliate_nofollow_links,affiliate_links_shortened,affiliate_links_amazon,anchor_chars_ratio,anchor_words_ratio,self_link_ratio,title_chars,is_review,num_h1,num_h2,num_img,num_chars,num_words,ttr,fwr,meta_num_chars,meta_num_words,meta_ttr,meta_fwr,h1_num_chars,h1_num_words,h1_ttr,h1_fwr,img_num_chars,img_num_words,img_ttr,img_fwr,a_num_chars,a_num_words,a_ttr,a_fwr,num_meta_keywords,heading_keyword_overlap,meta_keyword_overlap
best brackets or braces,www.dentaltix.com,2022-08-26T07:56:37Z,https://www.dentaltix.com/en/blog/brackets-orthodontics-how-choose-most-suitable-each-type-treatment,0,104,90,22,12.94230769,1.855769231,0,0,0,0,0,0,0,0,0,0.865384615,130,TRUE,1,9,12,0,0,0,0,0,0,0,0,90,14,0.928571429,0.5,14.91666667,2,0.5,0.027777778,12.94230769,1.884615385,0.903280543,0.075033422,0,0,0
best brackets or braces,www.thompsoncreekdental.com,2022-08-26T07:57:08Z,https://www.thompsoncreekdental.com/blog/8-types-of-orthodontic-brackets/,1,91,80,1,17.56043956,2.692307692,0,0,0,0,0,0,0,0.002626056,0.002429881,0.879120879,71,FALSE,1,11,32,6687,1108,0.370938628,0.4566787,156,28,0.964285714,0.5,48,8,1,0.25,34.59375,5.40625,1,0.13628663,17.56043956,2.714285714,0.872566993,0.05089352,0,0.243169399,0.051912568
best brackets or braces,bellevueorthodontist.com,2022-08-26T07:57:39Z,https://bellevueorthodontist.com/braces/types-of-braces/,0,116,94,0,27.94827586,2.456896552,0,0,0,0,0,0,0,0.004333066,0.002362401,0.810344828,69,FALSE,1,4,10,6450,1040,0.440384615,0.404807692,1,0,0,0,15,3,1,0.333333333,17.6,2.5,0.6,0.036666667,27.94827586,2.5,0.965517241,0.036288998,0,0.27582846,0
best brackets or braces,www.hawleyorthodontics.com,2022-08-26T07:58:05Z,https://www.hawleyorthodontics.com/different-types-of-braces-best-kind/,0,129,111,0,16.65116279,2.457364341,0,0,0,0,0,0,0,0.002093696,0.001775552,0.860465116,81,FALSE,1,5,11,7953,1384,0.36632948,0.408959538,182,30,0.933333333,0.533333333,60,12,1,0.333333333,4.636363636,0.727272727,0.272727273,0.060606061,16.65116279,2.519379845,0.975398363,0.060464137,0,0.261606485,0.074428887
best brackets or braces,www.orthodonticslimited.com,2022-08-26T07:58:28Z,https://www.orthodonticslimited.com/braces/types-of-braces/,0,190,146,15,14.50526316,2.031578947,0,0,0,0,0,0,0,0.002603242,0.002114026,0.768421053,56,TRUE,1,8,65,5572,961,0.335067638,0.508844953,0,0,0,0,33,7,1,0.142857143,9.353846154,1.2,0.707692308,0.017948718,14.50526316,2.073684211,0.873684211,0.033195489,0,0.196875,0
best brackets or braces,novapdo.com,2022-08-26T07:59:03Z,https://novapdo.com/what-braces-are-best-for-my-child/,0,59,44,1,18.05084746,2.474576271,0,0,0,0,0,0,0,0,0,0.745762712,76,FALSE,1,0,2,0,0,0,0,0,0,0,0,34,7,1,0.285714286,0,0,0,0,18.05084746,2.474576271,0.966101695,0.033898305,0,0,0
best brackets or braces,burkeredfordorthodontists.com,2022-08-26T07:59:26Z,https://burkeredfordorthodontists.com/clear-bracket-braces/,0,133,113,14,13.56390977,2.037593985,0,0,0,0,0,0,0,0.002255389,0.002118081,0.84962406,67,FALSE,1,1,7,6014,962,0.420997921,0.395010395,155,24,0.916666667,0.208333333,21,3,1,0,23.14285714,3,1,13.56390977,2.060150376,0.954887218,0.040100251,0,0.116596639,0.12710084,
best brackets or braces,javascript.plainenglish.io,2022-08-26T07:59:52Z,https://javascript.plainenglish.io/javascript-best-practices-this-braces-and-switche-3840744c8840?gi=e6bbd1de098e,11,107,13,7,12.30841121,1.878504673,0,0,0,0,0,0,0,0.002991835,0.002742343,0.121495327,103,TRUE,13,18,31,4114,685,0.383941606,0.360583942,199,31,0.903225806,0.451612903,54,7,1,0.285714286,13.48387097,2.709677419,0.57296467,0.038786482,12.30841121,1.953271028,0.650129803,0.043517282,0,0.208151383,0.064046579
best brackets or braces,world-orthodontics.com,2022-08-26T08:00:30Z,https://world-orthodontics.com/en/pitts-21-the-best-brackets-for-orthodontics/?v=3e8d115eb4b3,2,142,119,3,21.79577465,2.577464789,0,0,0,0,0,0,0,0.003217089,0.002364647,0.838028169,65,TRUE,1,6,19,6775,1090,0.42293578,0.358715596,0,0,0,0,44,7,1,0.285714286,3.894736842,0.473684211,0.315789474,21.79577465,2.683098592,0.894366197,0.02557141,0,0.186329588,0,
best brackets or braces,www.amazon.com,2022-08-26T08:01:06Z,https://www.amazon.com/Brackets-Braces/s?k=Brackets+for+Braces,0,556,400,0,39.02517986,5.160071942,0,0,0,0,0,0,0,0,0,0.71942446,32,TRUE,1,67,90,0,0,0,0,0,0,0,0,482,31,0.741935484,0.258064516,89.03333333,14.6,0.730664633,0.04158451,39.02517986,5.181654676,0.74763512,0.067846973,0,0,0
best brackets or braces,www.healthline.com,2022-08-26T08:03:35Z,https://www.healthline.com/health/dental-and-oral-health/self-ligating-braces,0,231,153,15,21.36363636,3.428571429,0,0,0,0,0,0,0,0.003138942,0.003131115,0.662337662,53,FALSE,1,7,6,6806,1095,0.353424658,0.376255708,152,26,0.884615385,0.307692308,30,5,1,0,18.33333333,2.5,0.24702381,0.020833333,21.36363636,3.545454545,0.898803191,0.05366731,3,0.144886364,0.145833333
best brackets or braces,www.ollieanddarsh.co.uk,2022-08-26T08:05:11Z,https://www.ollieanddarsh.co.uk/blog/teeth-straightening/which-is-better-metal-braces-or-ceramic-braces/,0,148,124,1,23.07432432,1.972972973,0,0,0,0,0,0,0,0.004866974,0.002516547,0.837837838,63,FALSE,1,15,13,4741,784,0.473214286,0.432397959,152,24,1,0.583333333,47,8,0.875,0.25,16.53846154,2.846153846,0.769230769,23.07432432,1.972972973,0.905405405,0.041332485,0,0.212820513,0.057692308,
best brackets or braces,dentalorangecounty.com,2022-08-26T08:05:48Z,https://dentalorangecounty.com/blog/braces-vs-brackets/,0,149,127,1,21.26174497,1.765100671,0,0,0,0,0,0,0,0.003506224,0.001643483,0.852348993,37,FALSE,1,3,9,6064,1074,0.362197393,0.473929236,133,25,0.88,0.56,18,3,1,0,20.77777778,3.666666667,0.777777778,0.091005291,21.26174497,1.771812081,0.926174497,0.007829978,0,0.101218369,0.065604499
best brackets or braces,www.scientific-editing.info,2022-08-26T08:06:22Z,https://www.scientific-editing.info/blog/brackets-braces-and-parentheses/,0,153,138,1,15.22222222,2.111111111,0,0,0,0,0,0,0,0.001617321,0.001316154,0.901960784,74,FALSE,1,14,14,9412,1604,0.354738155,0.43765586,166,27,0.888888889,0.481481481,53,8,1,0.25,23.78571429,3.785714286,1,0.16984127,15.22222222,2.14379085,0.892282554,0.057880845,0,0.391005621,0.0649594
best brackets or braces,www.theorthodontists.com.au,2022-08-26T08:06:45Z,https://www.theorthodontists.com.au/blog/different-types-of-braces-are-available-which-is-best-for-you,0,86,68,2,18.47674419,2.127906977,0,0,0,0,0,0,0,0.002480433,0.001713291,0.790697674,62,FALSE,1,8,17,7449,1242,0.384057971,0.457326892,0,0,0,0,79,11,1,0.363636364,24.41176471,4.117647059,0.753267974,0.098039216,18.47674419,2.139534884,0.881459948,0.050664452,0,0.298061389,0
best brackets or braces,diamondbraces.com,2022-08-26T08:07:16Z,https://diamondbraces.com/braces/ceramic-braces/,0,50,38,0,50.84,6.84,0,0,0,0,0,0,0,0.007240103,0.005891473,0.76,65,FALSE,1,8,16,7022,1161,0.376399655,0.382428941,148,26,0.884615385,0.384615385,65,10,0.9,0,13.5,2,0.6,0.025,50.84,7.38,0.942247191,0.025425896,0,0.217959895,0.156059285
best brackets or braces,www.amazingsmilesorthodontist.com,2022-08-26T08:07:44Z,https://www.amazingsmilesorthodontist.com/what-are-brackets-for-braces/,0,95,71,0,18.02105263,2.831578947,0,0,0,0,0,0,0,0.005292526,0.00487363,0.747368421,59,TRUE,1,6,35,3405,581,0.462994836,0.414802065,108,21,1,0.619047619,29,5,1,0,35.17142857,6.114285714,0.903571429,0.079727891,18.02105263,2.926315789,0.859210526,0.044285714,0,0.296360485,0.129982669
best brackets or braces,myorthodontistus.com,2022-08-26T08:08:08Z,https://myorthodontistus.com/metal-braces-vs-clear-braces-understanding-the-difference/,0,115,86,0,15.6173913,2.182608696,0,0,0,0,0,0,0,0.00182852,0.001477731,0.747826087,75,FALSE,1,1,5,8541,1477,0.381855112,0.433310765,204,34,0.911764706,0.411764706,58,8,0.875,0.125,17.6,1.6,0.4,15.6173913,2.226086957,0.956521739,0.068899868,0,0.168928087,0.139755767,
best brackets or braces,www.dentalcompare.com,2022-08-26T08:08:34Z,https://www.dentalcompare.com/Orthodontic-Supplies/4274-Orthodontic-Brackets/,4,110,99,8,17.72727273,2.263636364,0,0,0,0,0,0,0,0.015604994,0.012717058,0.9,40,FALSE,1,4,28,1136,178,0.629213483,0.359550562,110,14,1,0.285714286,24,2,1,0,13.46428571,1.75,0.571428571,0.015022676,17.72727273,2.263636364,0.853896104,0.059935065,12,0.285714286,0.148571429
best aquarium aids or accessories,aquaticbyte.com,2022-08-26T07:41:53Z,https://aquaticbyte.com/must-have-fish-tank-accessories/,0,91,67,0,19.75824176,3.186813187,0,0,0,0,0,0,0,0.00224449,0.002038908,0.736263736,56,TRUE,1,13,15,8803,1563,0.38515675,0.449776072,88,17,0.941176471,0.588235294,41,7,1,0,42.93333333,7.6,0.933333333,0.071111111,19.75824176,3.230769231,0.832375317,0.048389279,0,0.232903226,0.057419355
best aquarium aids or accessories,be.chewy.com,2022-08-26T07:42:50Z,https://be.chewy.com/7-essentials-for-your-freshwater-fish-tank/,1,136,96,0,14.93382353,2.213235294,0,0,0,0,0,0,0,0.002470442,0.002182678,0.705882353,52,FALSE,1,10,22,6045,1014,0.459566075,0.397435897,152,26,0.846153846,0.461538462,42,7,1,0.142857143,17.36363636,3.409090909,0.702341598,0.047245179,14.93382353,2.242647059,0.731261141,0.037334479,0,0.262376238,0.061386139
best aquarium aids or accessories,www.petsmart.com,2022-08-26T07:44:01Z,https://www.petsmart.com/fish/decor-gravel-and-substrate/,0,945,880,0,23.02645503,3.157671958,0,0,0,0,0,0,0,0,0,0.931216931,49,TRUE,1,20,103,0,0,0,0,182,26,0.846153846,0.307692308,15,3,1,0.333333333,6.970873786,1.174757282,0.330097087,0.029557713,23.02645503,3.165079365,0.93002551,0.019110547,0,0,0
best aquarium aids or accessories,www.petsmart.com,2022-08-26T07:45:37Z,https://www.petsmart.com/learning-center/fish-care/a-set-up-guide-for-your-new-catfish/A0196.html,4,805,740,0,15.80496894,2.10931677,0,0,0,0,0,0,0,0.003610914,0.00277177,0.919254658,49,FALSE,1,16,59,4377,761,0.487516426,0.377135348,178,32,0.90625,0.4375,35,8,1,0.25,11.10169492,1.915254237,0.440677966,0.061084208,15.80496894,2.125465839,0.937888199,0.016718919,0,0.153743316,0.113636364
best aquarium aids or accessories,www.walmart.com,2022-08-26T07:46:53Z,https://www.walmart.com/cp/fish/202074,6,92,48,0,11.9673913,1.869565217,0,0,0,0,0,0,0,0.002612968,0.002313818,0.52173913,0,TRUE,0,8,19,4580,808,0.438118812,0.461633663,0,0,0,0,0,0,0,0,1.263157895,0.210526316,0.105263158,11.9673913,1.913043478,0.967391304,0.043889987,0,0.132169576,0,
best aquarium aids or accessories,www.mascotaplanet.com,2022-08-26T07:47:31Z,https://www.mascotaplanet.com/en/accessories-and-maintenance-of-aquariums,0,565,547,11,21.21061947,1.909734513,0,0,0,0,0,0,0,0,0,0.968141593,34,FALSE,1,16,29,0,0,0,0,0,0,0,0,36,4,1,0.25,24.4137931,3.827586207,0.893103448,0.025862069,21.21061947,1.913274336,0.931386431,0.067217306,6,0,0
best aquarium aids or accessories,www.yellowpages.com.au,2022-08-26T07:48:15Z,https://www.yellowpages.com.au/find/aquariums-aquarium-supplies/happy-valley-sa-5159,4,180,60,81,15.14444444,2.627777778,0,0,0,0,0,0,0,0.004857102,0.005543835,0.333333333,73,FALSE,1,5,1,3118,474,0.514767932,0.240506329,112,16,0.9375,0.1875,54,8,1,0.125,0,0,0,0,15.14444444,2.627777778,0.830791246,0.064506173,0,0.391213389,0.19874477
best aquarium aids or accessories,www.petco.com,2022-08-26T07:49:00Z,https://www.petco.com/shop/en/petcostore/brand/imagitarium,0,348,161,0,17.49425287,2.252873563,0,0,0,0,0,0,0,0.00369701,0.002757495,0.462643678,50,FALSE,1,6,86,4732,817,0.208078335,0.188494492,152,26,0.923076923,0.230769231,0,0,0,0,24.84883721,3.348837209,0.755813953,0.012144703,17.49425287,2.298850575,0.80387931,0.025141398,0,0.192814371,0.046706587
best aquarium aids or accessories,www.lazada.com.ph,2022-08-26T07:50:21Z,https://www.lazada.com.ph/shop-aquariums-accessories-filters/,0,196,141,0,46.44897959,2.030612245,0,0,0,0,0,0,0,0,0,0.719387755,0,FALSE,0,0,13,0,0,0,0,0,0,0,0,0,0,0,0,10.07692308,1.692307692,0.692307692,46.44897959,2.030612245,0.882653061,0.011054422,0,0,0,
best aquarium aids or accessories,aquariumplants.com,2022-08-26T07:51:56Z,https://aquariumplants.com/,0,343,328,0,23.5451895,2.472303207,0,0,0,0,0,0,0,0.392419825,0.353186172,0.956268222,62,FALSE,1,3,20,60,7,0.857142857,0,87,12,1,0.083333333,66,0,0,0,32.4,4.75,0.697368421,0.125037594,23.5451895,2.469387755,0.938792133,0.02373883,11,1,0.285714286
best aquarium aids or accessories,www.aquariumsindia.com,2022-08-26T07:52:36Z,https://www.aquariumsindia.com/shop/pond-supplies/pond-medications/rid-all-general-aid-120ml/,3,451,377,36,9.946784922,1.563192905,0,0,0,0,0,0,0,0.038256865,0.033259424,0.835920177,45,TRUE,1,0,24,260,47,0.893617021,0.361702128,115,22,0.909090909,0.363636364,28,5,1,0,9.75,1.75,0.5,9.946784922,1.616407982,0.92165558,0.019586105,0,0.14893617,0.361702128,
best aquarium aids or accessories,www.petsathome.com,2022-08-26T07:53:19Z,https://www.petsathome.com/shop/en/pets/fish/aquatic-treatments-and-medications,0,1,0,0,10,1,0,0,0,0,0,0,0,0.068493151,0.043478261,0,16,FALSE,1,1,1,146,23,0.782608696,0.347826087,0,0,0,0,53,3,1,0,0,0,0,0,10,1,1,0,0.47826087,0,
best aquarium aids or accessories,petsplusmag.com,2022-08-26T07:53:34Z,https://petsplusmag.com/8-add-ons-to-trick-out-aquariums/,1,169,131,0,51.67455621,3.278106509,0,0,0,0,0,0,0,0.013534457,0.005236592,0.775147929,50,FALSE,1,11,104,3818,626,0.635782748,0.263578275,32,5,1,0.4,32,7,1,0.142857143,10.55769231,1.673076923,0.378205128,51.67455621,3.325443787,0.849176859,0.04580351,0,0.214285714,0.014950166,
best aquarium aids or accessories,www.liveaquaria.com,2022-08-26T07:54:14Z,https://www.liveaquaria.com/article/216/?aid=216,3,344,330,0,19.80523256,2.145348837,0,0,0,0,0,0,0,0.003823404,0.002674999,0.959302326,68,FALSE,1,0,14,5180,802,0.46882793,0.309226933,134,24,0.916666667,0.458333333,28,3,1,0,26.57142857,3.642857143,0.642857143,0.055555556,19.80523256,2.171511628,0.95,0.017504153,11,0.060179257,0.119078105
best aquarium aids or accessories,arcreef.com,2022-08-26T07:54:46Z,https://arcreef.com/research/saltwater-aquarium-supplies-guide/,0,102,65,10,16.09803922,2.823529412,0,0,0,0,0,0,0,0.000935661,0.000952608,0.637254902,69,TRUE,1,11,22,17205,2964,0.326923077,0.427125506,128,21,0.904761905,0.428571429,33,4,1,0,38.27272727,5.772727273,0.374492695,0.028064123,16.09803922,2.823529412,0.828431373,0.082351146,0,0.018317503,0.026797829
best aquarium aids or accessories,www.aquasabi.com,2022-08-26T07:55:16Z,https://www.aquasabi.com/aquascaping-wiki_aquarium_aquariums-with-or-without-cover,0,350,342,5,44.27428571,1.494285714,0,0,0,0,0,0,0,0.010647976,0.002175088,0.977142857,62,FALSE,1,0,13,4158,687,0.491994178,0.430858806,21,3,1,0.333333333,32,5,1,0.6,15.69230769,2.461538462,0.923076923,0.051282051,44.27428571,1.517142857,0.965714286,0.013238095,18,0.032163743,0.067251462
best aquarium aids or accessories,www.aquasabi.com,2022-08-26T07:55:44Z,https://www.aquasabi.com/aquascaping-wiki_aquarium_hiding-aquarium-technology,0,346,340,5,44.91618497,1.51734104,0,0,0,0,0,0,0,0.013026736,0.002648065,0.98265896,65,FALSE,1,0,13,3448,573,0.527050611,0.422338569,41,6,1,0.166666667,35,4,1,0,13.46153846,2.230769231,0.923076923,0.076923077,44.91618497,1.534682081,0.965317919,0.012524085,16,0.084063047,0.091068301
best aquarium aids or accessories,www.amazon.in,2022-08-26T07:56:13Z,https://www.amazon.in/gp/bestsellers/pet-supplies/21258653031,11,244,206,0,28.80327869,4.68442623,0,0,0,0,0,0,0,0.259488997,0.334601874,0.844262295,69,FALSE,1,0,44,111,14,1,0.214285714,69,10,0.9,0.3,35,4,1,0.25,88.31818182,13.70454545,0.825817152,0.054124372,28.80327869,4.659836066,0.835865048,0.064678473,0,0.214285714,0.357142857
best aquarium aids or accessories,www.amazon.in,2022-08-26T07:56:48Z,https://www.amazon.in/Rid-All-General-Aquarium-Medicine/dp/B01CLGAI3O,3,322,221,0,35.44409938,2.673913043,0,0,0,0,0,0,0,0.005350053,0.002482742,0.686335404,74,FALSE,6,11,59,6625,1077,0.460538533,0.245125348,0,0,0,0,71,8,1,0,34.47457627,5.677966102,0.461085773,0.016941118,35.44409938,2.680124224,0.88464968,0.064369438,0,0.178838951,0
best aquarium aids or accessories,www.flipkart.com,2022-08-26T07:57:48Z,https://www.flipkart.com/pet-supplies/fish-aquatic/aquarium-accessories/pr?sid=p3t%2Cljf%2Cnct&page=3,0,202,191,0,25.51485149,3.841584158,0,0,0,0,0,0,0,0.013044403,0.012042584,0.945544554,93,FALSE,1,2,141,1956,319,0.482758621,0.153605016,0,0,0,0,22,2,1,0,28.41134752,4.390070922,0.294865208,0.009078746,25.51485149,3.896039604,0.78680509,0.01126736,0,0.028125,0
best curtain track accessories,www.amazon.de,2022-08-26T08:24:16Z,https://www.amazon.de/-/en/gp/bestsellers/kitchen/2970900031,10,255,222,0,30.4745098,5.066666667,0,0,0,0,0,0,0,0.024166939,0.02585034,0.870588235,72,TRUE,1,0,44,1261,196,0.62244898,0.37244898,72,12,1,0.166666667,38,6,1,0.166666667,92.04545455,14.93181818,0.82364648,0.099420487,30.4745098,4.992156863,0.832658646,0.074301579,0,0.030769231,0.061538462
best curtain track accessories,www.polesandblinds.com,2022-08-26T08:24:52Z,https://www.polesandblinds.com/curtain-tracks/accessories,0,165,146,2,16.06060606,2.454545455,0,0,0,0,0,0,0,0.009542844,0.008434864,0.884848485,46,FALSE,1,1,16,1683,291,0.47766323,0.419243986,200,32,0.84375,0.46875,25,3,1,0,13.75,1.9375,0.419642857,0.038690476,16.06060606,2.424242424,0.933333333,0.022929293,0,0.202749141,0.147766323
best curtain track accessories,www.ebay.co.uk,2022-08-26T08:25:24Z,https://www.ebay.co.uk/b/Curtain-Track-Fittings/bn_7024934377,10,136,111,0,21.40441176,3.5,0,0,0,0,0,0,0,0,0,0.816176471,47,TRUE,1,10,27,0,0,0,0,145,24,0.916666667,0.291666667,22,3,1,0,71.92592593,11.51851852,0.99691358,0.017813051,21.40441176,3.455882353,0.652405754,0.026820728,0,0,0
best curtain track accessories,www.argos.co.uk,2022-08-26T08:31:57Z,https://www.argos.co.uk/sd/curtain-track-accessories/,0,162,118,0,18.02469136,3.080246914,0,0,0,0,0,0,0,0.158111328,0.146678424,0.728395062,37,FALSE,1,5,9,114,21,0.904761905,0.428571429,106,19,1,0.210526316,25,3,1,0,38.66666667,6.333333333,0.888888889,18.02469136,2.913580247,0.74691358,0.052826769,0,0,0,
best curtain track accessories,www.thecurtainpoleandtrackcompany.com,2022-08-26T08:36:12Z,https://www.thecurtainpoleandtrackcompany.com/accessories/miscellaneous,0,221,192,0,20.12669683,2.515837104,0,0,0,0,0,0,0,0.007801045,0.00537572,0.868778281,86,FALSE,1,9,15,2580,468,0.523504274,0.427350427,154,26,0.884615385,0.423076923,13,1,1,0,40.4,6.533333333,1,0.12026455,20.12669683,2.515837104,0.909502262,0.048132586,0,0.070967742,0.062365591
best curtain track accessories,www.lionshome.co.uk,2022-08-26T08:36:45Z,https://www.lionshome.co.uk/accessories-curtain-tracks/accessories/,0,221,220,48,75.95022624,9.43438914,0,0,0,0,0,0,0,0.255724667,0.214417935,0.995475113,75,FALSE,1,0,111,297,44,0.886363636,0.318181818,97,14,1,0.071428571,55,3,1,0,22.11711712,3.666666667,0.865672491,0.021879022,75.95022624,9.502262443,0.919580057,0.053471081,3,0,0.044444444
best curtain track accessories,www.ikea.com,2022-08-26T08:37:16Z,https://www.ikea.com/us/en/cat/track-systems-18893/,5,198,195,5,33.35858586,2.51010101,0,0,0,0,0,0,0,0.009785446,0.004148927,0.984848485,54,FALSE,1,5,70,3409,605,0.421487603,0.396694215,164,31,0.870967742,0.387096774,13,2,1,0,13.51428571,2.185714286,0.342857143,0.015635436,33.35858586,2.515151515,0.888888889,0.035060618,0,0.228714524,0.116861436
best curtain track accessories,m.made-in-china.com,2022-08-26T08:38:10Z,https://m.made-in-china.com/hot-china-products/Curtain_Track_Accessories_Hardware.html,0,282,275,161,56.03191489,3.833333333,0,0,0,0,0,0,0,0,0,0.975177305,118,FALSE,1,6,46,0,0,0,0,201,26,0.615384615,0.115384615,34,4,1,0,66.23913043,9.347826087,0.707387883,0.038762785,56.03191489,3.840425532,0.934129284,0.010078236,19,0,0
best curtain track accessories,www.terrysfabrics.co.uk,2022-08-26T08:39:03Z,https://www.terrysfabrics.co.uk/blogs/curtain-tracks-buying-guide/what-is-the-difference-between-each-of-your-curtain-tracks,0,549,541,0,17.03825137,2.499089253,0,0,0,0,0,0,0,0.002668899,0.002235321,0.985428051,58,FALSE,1,9,110,6384,1118,0.337209302,0.421288014,159,27,0.925925926,0.481481481,59,10,1,0.6,14.82727273,2.472727273,0.963636364,0.043939394,17.03825137,2.508196721,0.859052271,0.047607943,0,0.158460161,0.085049239
best curtain track accessories,www.recmar.com,2022-08-26T08:39:42Z,https://www.recmar.com/accessories.html,0,122,115,0,18.57377049,2,0,0,0,0,0,0,0,0.039434757,0.029850746,0.942622951,68,FALSE,1,2,15,471,67,0.865671642,0.313432836,203,28,0.964285714,0.25,11,1,1,0,11.66666667,1.6,0.866666667,18.57377049,2.008196721,0.948770492,0.013661202,0,0.298507463,0.298507463,
best curtain track accessories,www.polesandblinds.com,2022-08-26T08:40:09Z,https://www.polesandblinds.com/accessories,0,162,143,2,15.82716049,2.401234568,0,0,0,0,0,0,0,0.008536764,0.007671676,0.882716049,40,FALSE,1,4,17,1854,313,0.549520767,0.418530351,180,27,0.925925926,0.259259259,11,1,1,0,15.35294118,2,0.453781513,0.060084034,15.82716049,2.37037037,0.925925926,0.021296296,0,0.073482428,0.041533546
best curtain track accessories,www.amazon.co.uk,2022-08-26T08:40:41Z,https://www.amazon.co.uk/Curtain-Track-Accessories/s?k=Curtain+Track+Accessories,0,589,417,0,32.25297114,4.560271647,0,0,0,0,0,0,0,0.027997371,0.025334842,0.707979626,40,TRUE,1,66,98,1152,180,0.605555556,0.388888889,0,0,0,0,481,29,0.75862069,0.206896552,84.14285714,12.8877551,0.692203233,0.058835243,32.25297114,4.551782683,0.784264669,0.07577813,0,0,0
best curtain track accessories,www.curtain-tracks.com,2022-08-26T08:41:55Z,https://www.curtain-tracks.com/hardware-accessories.html,0,137,123,0,16.26277372,1.941605839,0,0,0,0,0,0,0,0.004364674,0.003081914,0.897810219,73,FALSE,1,1,19,3726,630,0.438095238,0.401587302,307,53,0.886792453,0.433962264,49,4,1,0,21.52631579,2.789473684,0.947368421,16.26277372,1.919708029,0.934306569,0.013990268,0,0.208931419,0.245614035,
best curtain track accessories,www.johnlewis.com,2022-08-26T08:49:50Z,https://www.johnlewis.com/home-garden/curtain-poles-tracks-accessories/c700001698,9,117,90,0,113.3931624,5.247863248,0,0,0,0,0,0,0,0.061963477,0.017377031,0.769230769,67,FALSE,2,9,43,1830,302,0.658940397,0.357615894,148,23,1,0.304347826,28,3,1,0,19.86046512,2.697674419,0.976744186,0.055149502,113.3931624,7.290598291,0.907964258,0.078040478,0,0.369127517,0.080536913
best curtain track accessories,www.spotlightstores.com,2022-08-26T08:53:50Z,https://www.spotlightstores.com/curtains/curtain-poles-tracks-fixtures/curtain-tracks/track-accessories,0,453,373,0,46.97130243,2.450331126,0,0,0,0,0,0,0,0.009351245,0.002865884,0.823399558,52,FALSE,1,8,44,5023,855,0.392982456,0.425730994,149,24,0.958333333,0.333333333,17,2,1,0,17.90909091,2.659090909,1,46.97130243,2.454746137,0.940397351,0.027550338,0,0.341950646,0.118683901,
best curtain track accessories,www.dunelm.com,2022-08-26T08:55:03Z,https://www.dunelm.com/info/buying-guides/tracks-and-poles-buying-guide,0,97,85,0,29.25773196,3.546391753,0,0,0,0,0,0,0,0.086052153,0.059106529,0.87628866,44,FALSE,1,12,12,340,60,0.883333333,0.316666667,149,26,0.923076923,0.5,21,3,1,0.333333333,7.833333333,1.083333333,0.833333333,29.25773196,4.412371134,0.941036959,0.025349006,0,0.051724138,0,
best baby or infant feeding,www.whattoexpect.com,2022-08-26T07:42:37Z,https://www.whattoexpect.com/baby-products/nursing-feeding/best-baby-formula-brands/,0,269,137,60,19.28252788,2.936802974,0,0,0,0,0,0,0,0.000577062,0.000503913,0.50929368,60,TRUE,1,19,87,33415,5828,0.235243651,0.404083734,0,0,0,0,58,8,1,0.25,12.02298851,1.83908046,0.548850575,0.010855683,19.28252788,2.866171004,0.962259746,0.066681955,0,0.036086051,0
best baby or infant feeding,www.nytimes.com,2022-08-26T07:43:25Z,https://www.nytimes.com/wirecutter/reviews/best-baby-formula/,0,533,384,199,18.95121951,2.981238274,0,0,0,0,0,0,0,0.000258889,0.000250062,0.720450281,56,TRUE,2,38,41,73202,11922,0.14460661,0.369736621,160,27,0.888888889,0.185185185,21,4,1,0,22.6097561,3.658536585,0.538654841,0.058017457,18.95121951,3.031894934,0.929474523,0.064557462,0,0.070847951,0.093693848
best baby or infant feeding,www.who.int,2022-08-26T07:44:29Z,https://www.who.int/news-room/fact-sheets/detail/infant-and-young-child-feeding,0,220,206,0,13.69090909,2.031818182,0,0,0,0,0,0,0,0.00120022,0.001157072,0.936363636,30,FALSE,1,6,10,11407,1756,0.367881549,0.372437358,181,25,0.76,0.16,30,5,1,0.2,12.9,1.8,1,13.69090909,2.090909091,0.953267688,0.038369155,0,0.078749276,0.078170237,
best baby or infant feeding,parentingscience.com,2022-08-26T07:45:08Z,https://parentingscience.com/infant-feeding-schedule/,0,191,153,11,19.91623037,3.052356021,0,0,0,0,0,0,0,0.000675401,0.000618387,0.80104712,70,TRUE,1,5,3,29488,4936,0.336709887,0.309562399,143,24,0.958333333,0.416666667,72,12,0.916666667,0.166666667,47,6.666666667,0.925925926,0.074074074,19.91623037,3.094240838,0.915482423,0.122365011,0,0.074818653,0.043937824
best baby or infant feeding,www.bmel.de,2022-08-26T07:45:38Z,https://www.bmel.de/EN/topics/food-and-nutrition/healthy-diet/breastfeeding.html,0,244,217,0,19.59836066,2.389344262,0,0,0,0,0,0,0,0.003142778,0.002478573,0.889344262,83,FALSE,3,19,37,6236,964,0.429460581,0.408713693,298,42,0.880952381,0.357142857,40,6,1,0.333333333,24.7027027,4.135135135,0.803326403,0.058261558,19.59836066,2.426229508,0.920081967,0.07501226,4,0.247629083,0.091675448
best baby or infant feeding,fedisbest.org,2022-08-26T07:46:04Z,https://fedisbest.org/,0,84,51,0,27.10714286,4.261904762,0,0,0,0,0,0,0,0.371330724,0.35515873,0.607142857,53,FALSE,4,5,30,73,12,0.833333333,0,170,26,0.730769231,0.269230769,11,3,1,0,3.833333333,0.566666667,0.057142857,0.01,27.10714286,4.392857143,0.84173983,0.121542939,0,1,0
best baby or infant feeding,www.cdc.gov,2022-08-26T07:46:48Z,https://www.cdc.gov/nutrition/infantandtoddlernutrition/breastfeeding/recommendations-benefits.html,0,276,195,0,20.39492754,2.967391304,0,0,0,0,0,0,0,0.014036426,0.013014874,0.706521739,46,FALSE,1,3,3,1453,228,0.605263158,0.403508772,186,28,0.857142857,0.464285714,28,3,1,0.333333333,56,10.66666667,0.911111111,0.266666667,20.39492754,3.036231884,0.992497921,0.063303705,59,0.092920354,0.181415929
best baby or infant feeding,www.mottchildren.org,2022-08-26T07:47:14Z,https://www.mottchildren.org/posts/your-child/feeding-your-baby-toddler,0,166,78,0,16.84939759,2.475903614,0,0,0,0,0,0,0,0.00093535,0.000763461,0.469879518,98,FALSE,1,30,7,18014,3243,0.302806044,0.423681776,212,43,0.88372093,0.511627907,48,9,1,0.222222222,28.71428571,5.142857143,0.836734694,0.087198516,16.84939759,2.493975904,0.896566659,0.043710365,0,0.1869944,0.062538892
best baby or infant feeding,raisingchildren.net.au,2022-08-26T07:47:49Z,https://raisingchildren.net.au/newborns/breastfeeding-bottle-feeding/bottle-feeding/infant-formula,0,43,34,0,11.37209302,1.604651163,0,0,0,0,0,0,0,0,0,0.790697674,67,FALSE,0,8,7,0,0,0,0,155,26,0.961538462,0.307692308,0,0,0,0,30.28571429,4.285714286,1,0.035714286,11.37209302,1.744186047,0.88372093,0.068881506,14,0,0
best baby or infant feeding,caringforkids.cps.ca,2022-08-26T07:48:30Z,https://caringforkids.cps.ca/handouts/pregnancy-and-babies/feeding_your_baby_in_the_first_year,0,85,55,0,20.65882353,2.611764706,0,0,0,0,0,0,0,0,0,0.647058824,53,FALSE,1,11,8,0,0,0,0,166,27,0.962962963,0.407407407,35,7,1,0.571428571,17.625,2.25,0.875,0.041666667,20.65882353,2.623529412,0.788235294,0.093208556,0,0,0
best baby or infant feeding,www.babycenter.com,2022-08-26T07:49:10Z,https://www.babycenter.com/baby-products/nursing-and-feeding/best-baby-formula_40007406,8,290,162,56,19.54827586,2.979310345,2,33,4,0,2,0,2,0.004464096,0.004214017,0.55862069,41,TRUE,1,20,102,4379,707,0.397454031,0.202263083,121,20,0.95,0.3,18,3,1,0,17,2.833333333,0.434932306,0.060021786,19.54827586,3.131034483,0.867189803,0.126255465,0,0.06626506,0.128012048
best baby or infant feeding,www.babylist.com,2022-08-26T07:49:56Z,https://www.babylist.com/hello-baby/best-baby-formula,0,138,48,48,13.47101449,2.384057971,13,13.76923077,2.384615385,13,8,0,13,0.000896693,0.000919775,0.347826087,29,TRUE,1,7,10,15023,2592,0.314814815,0.387345679,0,0,0,0,26,5,1,0.2,8.3,1.4,0.5,0.04,13.47101449,2.427536232,0.827396176,0.051090509,0,0.037661828,0
best baby or infant feeding,www.verywellfamily.com,2022-08-26T07:50:58Z,https://www.verywellfamily.com/best-baby-formulas-4165193,7,255,180,38,24.48627451,3.635294118,14,33.57142857,5.357142857,14,14,0,14,0.000748518,0.000668007,0.705882353,58,FALSE,1,16,64,32713,5442,0.271958839,0.352443954,119,20,0.9,0.4,60,9,1,0.222222222,37.15625,6.125,1,0.110362814,24.48627451,3.694117647,0.98146764,0.06584595,0,0.247702981,0.06000375
best baby or infant feeding,www.webmd.com,2022-08-26T07:51:39Z,https://www.webmd.com/baby/breastfeeding-vs-formula-feeding,0,288,232,0,19.09027778,2.694444444,0,0,0,0,0,0,0,0.003717678,0.003100627,0.805555556,34,TRUE,1,4,18,5135,869,0.483314154,0.379746835,44,9,1,0.555555556,35,4,1,0,17.77777778,2.888888889,0.944444444,0.147354497,19.09027778,2.743055556,0.923032407,0.04156746,10,0.079401611,0.080552359
best baby or infant feeding,www.healthline.com,2022-08-26T07:52:11Z,https://www.healthline.com/health/baby/best-baby-formula,0,296,177,34,22.90540541,3.929054054,24,31.08333333,5,24,24,0,24,0.000736248,0.000753125,0.597972973,29,TRUE,1,9,6,31111,5217,0.23346751,0.391412689,176,36,0.833333333,0.527777778,33,7,1,0.142857143,7.5,1.333333333,0.166666667,0.0625,22.90540541,3.969594595,0.932226336,0.085951421,3,0.054415182,0.071068939
best baby or infant feeding,www.unicef.org,2022-08-26T07:53:55Z,https://www.unicef.org/parenting/food-nutrition/feeding-your-baby-when-to-start-solid-foods,0,39,32,0,73.61538462,3.897435897,0,0,0,0,0,0,0,0.518418202,0.149901381,0.820512821,68,FALSE,1,7,11,142,26,0.730769231,0.423076923,77,15,0.933333333,0.533333333,59,9,1,0.333333333,11.81818182,2.090909091,0.636363636,0.068181818,73.61538462,3.948717949,0.920925229,0.139402905,0,0.576923077,0.423076923
best baby or infant feeding,www.mayoclinic.org,2022-08-26T07:54:28Z,https://www.mayoclinic.org/healthy-lifestyle/infant-and-toddler-health/in-depth/healthy-baby/art-20047741,8,176,113,0,20.96022727,3.102272727,0,0,0,0,0,0,0,0.005157536,0.004302736,0.642045455,56,FALSE,1,10,5,4064,721,0.47295423,0.41331484,0,0,0,0,25,4,1,0.25,38.4,7.6,0.768421053,0.093117409,20.96022727,3.142045455,0.962465565,0.063642513,0,0.197202797,0
